{"cameraMode":{"drawMode":0,"name":"Shaded","section":"Shading Mode"},"sceneLighting":true,"audioPlay":false,"sceneViewState":{"m_AlwaysRefresh":false,"showFog":true,"showSkybox":true,"showFlares":true,"showImageEffects":true,"showParticleSystems":true,"showVisualEffectGraphs":true,"m_FxEnabled":true},"in2DMode":false,"pivot":{"x":52.71173858642578,"y":0.33756113052368166,"z":-93.76400756835938},"rotation":{"x":-0.02727760747075081,"y":-0.9651371836662293,"z":0.11228887736797333,"w":-0.23500752449035645},"size":7.144576072692871,"orthographic":false}