{"cameraMode":{"drawMode":0,"name":"Shaded","section":"Shading Mode"},"sceneLighting":true,"audioPlay":false,"sceneViewState":{"m_AlwaysRefresh":false,"showFog":true,"showSkybox":true,"showFlares":true,"showImageEffects":true,"showParticleSystems":true,"showVisualEffectGraphs":true,"m_FxEnabled":true},"in2DMode":false,"pivot":{"x":11.960296630859375,"y":2.321000099182129,"z":-82.18000030517578},"rotation":{"x":0.03450445830821991,"y":-0.8086153268814087,"z":0.047582902014255527,"w":0.5854422450065613},"size":0.6275561451911926,"orthographic":false}